doi,openalex_work_id,author_name,openalex_author_id,institution_id,raw_affiliation,source,confidence,review_status,retrieved_at
10.1002/asmb.945,,A. N. Platis,,https://ror.org/03zsp3p94,"Department of Financial and Management Engineering University of the Aegean  41, Kountouriotou Street GR 82100 Chios Greece",crossref+ror,medium,accepted,2026-07-21T13:43:02+00:00
10.1002/asmb.945,,G. A. Gravvanis,,https://ror.org/03bfqnx40,"Department of Electrical and Computer Engineering, School of Engineering Democritus University of Thrace, University Campus  Kimmeria GR 67100 Xanthi Greece",crossref+ror,medium,accepted,2026-07-21T13:43:02+00:00
10.1002/asmb.945,,V. P. Koutras,,https://ror.org/03zsp3p94,"Department of Financial and Management Engineering University of the Aegean  41, Kountouriotou Street GR 82100 Chios Greece",crossref+ror,medium,accepted,2026-07-21T13:43:02+00:00
10.1002/qre.1862,,A. N. Platis,,https://ror.org/03zsp3p94,"Department of Financial and Management Engineering; University of the Aegean; 41, Kountouriotou St. Chios GR 82100 Greece",crossref+ror,medium,accepted,2026-07-21T13:42:24+00:00
10.1002/qre.1862,,V. P. Koutras,,https://ror.org/03zsp3p94,"Department of Financial and Management Engineering; University of the Aegean; 41, Kountouriotou St. Chios GR 82100 Greece",crossref+ror,medium,accepted,2026-07-21T13:42:24+00:00
10.1049/iet-sen.2019.0018,,Ali Ebrahimnejad,,https://ror.org/01kzn7k21,"Department of Mathematics, Qaemshahr Branch Islamic Azad University Qaemshahr Iran",crossref+ror,medium,accepted,2026-07-21T13:41:04+00:00
10.1049/iet-sen.2019.0018,,Homayun Motameni,,https://ror.org/01kzn7k21,"Department of Computer Science, Sari Branch Islamic Azad University Sari Iran",crossref+ror,medium,accepted,2026-07-21T13:41:04+00:00
10.1049/iet-sen.2019.0254,,Yongquan Yan,,https://ror.org/04nte7y58,School of Statistics Shanxi University of Finance and Economics Taiyuan People's Republic of China,crossref+ror,medium,accepted,2026-07-21T13:41:02+00:00
10.1080/03610926.2019.1708400,,Hiroyuki Okamura,,https://ror.org/03t78wx29,"Department of Information Engineering, Hiroshima University, Higashihiroshima, Japan",crossref+ror,medium,accepted,2026-07-21T13:41:15+00:00
10.1080/03610926.2019.1708400,,Junjun Zheng,,https://ror.org/0197nmd03,"Department of Information Science and Engineering, Ritsumeikan University, Kusatsu, Japan;",crossref+ror,medium,accepted,2026-07-21T13:41:15+00:00
10.1080/03610926.2019.1708400,,Tadashi Dohi,,https://ror.org/03t78wx29,"Department of Information Engineering, Hiroshima University, Higashihiroshima, Japan",crossref+ror,medium,accepted,2026-07-21T13:41:15+00:00
10.1080/10584587.2023.2192665,,Fengdong Shi,,https://ror.org/00xsr9m91,"National Demonstration Center For Experimental Engineering Training Education, Tiangong University, Tianjin, China",crossref+ror,medium,accepted,2026-07-21T13:39:12+00:00
10.1080/10584587.2023.2192665,,Fengdong Shi,,https://ror.org/00xsr9m91,"Scool of Control Science and Engineering, Tiangong University, Tianjin, China",crossref+ror,medium,accepted,2026-07-21T13:39:12+00:00
10.1080/10584587.2023.2192665,,Jun Cui,,https://ror.org/00xsr9m91,"School of Life Sciences, Tiangong University, Tianjin, China",crossref+ror,medium,accepted,2026-07-21T13:39:12+00:00
10.1080/10584587.2023.2192665,,Min Wang,,https://ror.org/00xsr9m91,"School of Life Sciences, Tiangong University, Tianjin, China",crossref+ror,medium,accepted,2026-07-21T13:39:12+00:00
10.1080/10584587.2023.2192665,,Min Wang,,https://ror.org/00xsr9m91,"Scool of Control Science and Engineering, Tiangong University, Tianjin, China",crossref+ror,medium,accepted,2026-07-21T13:39:12+00:00
10.1080/10584587.2023.2192665,,Zhi Yuan,,https://ror.org/00xsr9m91,"Scool of Control Science and Engineering, Tiangong University, Tianjin, China",crossref+ror,medium,accepted,2026-07-21T13:39:12+00:00
10.1109/access.2019.2903081,,Jing Liu,,https://ror.org/0106qb496,"College of Computer Science, Inner Mongolia University, Hohhot, China",crossref+ror,medium,accepted,2026-07-21T13:41:29+00:00
10.1109/access.2019.2903081,,Lingze Meng,,https://ror.org/0106qb496,"College of Computer Science, Inner Mongolia University, Hohhot, China",crossref+ror,medium,accepted,2026-07-21T13:41:29+00:00
10.1109/access.2022.3231191,,Jose Flora,,https://ror.org/04z8k9a98,"Centre for Informatics and Systems of the University of Coimbra (CISUC), Department of Informatics Engineering, University of Coimbra, Coimbra, Portugal",crossref+ror,medium,accepted,2026-07-21T13:40:06+00:00
10.1109/access.2022.3231191,,Miguel Teixeira,,https://ror.org/04z8k9a98,"Centre for Informatics and Systems of the University of Coimbra (CISUC), Department of Informatics Engineering, University of Coimbra, Coimbra, Portugal",crossref+ror,medium,accepted,2026-07-21T13:40:06+00:00
10.1109/access.2022.3231191,,Nuno Antunes,,https://ror.org/04z8k9a98,"Centre for Informatics and Systems of the University of Coimbra (CISUC), Department of Informatics Engineering, University of Coimbra, Coimbra, Portugal",crossref+ror,medium,accepted,2026-07-21T13:40:06+00:00
10.1109/access.2022.3231191,,Paulo Goncalves,,https://ror.org/04z8k9a98,"Centre for Informatics and Systems of the University of Coimbra (CISUC), Department of Informatics Engineering, University of Coimbra, Coimbra, Portugal",crossref+ror,medium,accepted,2026-07-21T13:40:06+00:00
10.1109/cac59555.2023.10450219,,Guoze Hao,,https://ror.org/01yj56c84,"School of Electronic and Information Engineering, Beijing Jiaotong University,Beijing,China",crossref+ror,medium,accepted,2026-07-21T13:39:58+00:00
10.1109/cac59555.2023.10450219,,Lianchuan Ma,,https://ror.org/01yj56c84,"Collaborative Innovation Center of Railway Traffic Safety, Beijing Jiaotong University,Beijing,China",crossref+ror,medium,accepted,2026-07-21T13:39:58+00:00
10.1109/cc.2016.7513217,,Ping Guo,,https://ror.org/022k4wk35,"School of System Science, Beijing Normal University, Beijing 100875, China",crossref+ror,medium,accepted,2026-07-21T13:42:14+00:00
10.1109/cc.2016.7513217,,Yongquan Yan,,https://ror.org/01skt4w74,"School of Computer Science and Technology, Beijing Institute of Technology, Beijing 100081, China",crossref+ror,medium,accepted,2026-07-21T13:42:14+00:00
10.1109/coins54846.2022.9854966,,Fumio Machida,,https://ror.org/02956yf07,"University of Tsukuba,Department of Computer Science,Tsukuba,Japan",crossref+ror,medium,accepted,2026-07-21T13:40:20+00:00
10.1109/coins54846.2022.9854966,,Kengo Watanabe,,https://ror.org/02956yf07,"University of Tsukuba,Department of Computer Science,Tsukuba,Japan",crossref+ror,medium,accepted,2026-07-21T13:40:20+00:00
10.1109/compsac61105.2024.00167,,Jing Liu,,https://ror.org/0106qb496,"College of Computer Science, Inner Mongolia University,Hohhot,China",crossref+ror,medium,accepted,2026-07-21T13:38:59+00:00
10.1109/compsac61105.2024.00167,,Xueyong Tan,,https://ror.org/0106qb496,"College of Computer Science, Inner Mongolia University,Hohhot,China",crossref+ror,medium,accepted,2026-07-21T13:38:59+00:00
10.1109/compsac61105.2024.00167,,Yiming Liu,,https://ror.org/0106qb496,"College of Computer Science, Inner Mongolia University,Hohhot,China",crossref+ror,medium,accepted,2026-07-21T13:38:59+00:00
10.1109/compsac61105.2024.00167,,Zhuanzhuan Liu,,https://ror.org/0106qb496,"College of Computer Science, Inner Mongolia University,Hohhot,China",crossref+ror,medium,accepted,2026-07-21T13:38:59+00:00
10.1109/compsac61105.2024.00182,,Jing Liu,,https://ror.org/0106qb496,"College of Computer Science, Inner Mongolia University,Hohhot,China",crossref+ror,medium,accepted,2026-07-21T13:39:00+00:00
10.1109/compsac61105.2024.00182,,Xueyong Tan,,https://ror.org/0106qb496,"College of Computer Science, Inner Mongolia University,Hohhot,China",crossref+ror,medium,accepted,2026-07-21T13:39:00+00:00
10.1109/compsac61105.2024.00182,,Yiming Liu,,https://ror.org/0106qb496,"College of Computer Science, Inner Mongolia University,Hohhot,China",crossref+ror,medium,accepted,2026-07-21T13:39:00+00:00
10.1109/compsac61105.2024.00182,,Zhuanzhuan Liu,,https://ror.org/0106qb496,"College of Computer Science, Inner Mongolia University,Hohhot,China",crossref+ror,medium,accepted,2026-07-21T13:39:00+00:00
10.1109/compsac65507.2025.00170,,Jing Liu,,https://ror.org/0106qb496,"Inner Mongolia University,College of Computer Science,Hohhot,China",crossref+ror,medium,accepted,2026-07-21T13:38:35+00:00
10.1109/compsac65507.2025.00170,,Xueyong Tan,,https://ror.org/0106qb496,"Inner Mongolia University,College of Computer Science,Hohhot,China",crossref+ror,medium,accepted,2026-07-21T13:38:35+00:00
10.1109/icc52391.2025.11162081,,Bocheng Ju,,https://ror.org/01yj56c84,"Beijing Jiaotong University,Beijing Key Laboratory of Security and Privacy in Intelligent Transportation,P. R. China",crossref+ror,medium,accepted,2026-07-21T13:38:28+00:00
10.1109/icc52391.2025.11162081,,Jelena Mišić,,https://ror.org/05g13zd79,"Toronto Metropolitan University,Toronto,ON,Canada",crossref+ror,medium,accepted,2026-07-21T13:38:28+00:00
10.1109/icc52391.2025.11162081,,Junchao Fan,,https://ror.org/01yj56c84,"Beijing Jiaotong University,Beijing Key Laboratory of Security and Privacy in Intelligent Transportation,P. R. China",crossref+ror,medium,accepted,2026-07-21T13:38:28+00:00
10.1109/icc52391.2025.11162081,,Vojislav B. Mišić,,https://ror.org/05g13zd79,"Toronto Metropolitan University,Toronto,ON,Canada",crossref+ror,medium,accepted,2026-07-21T13:38:28+00:00
10.1109/icc52391.2025.11162081,,Xiaolin Chang,,https://ror.org/01yj56c84,"Beijing Jiaotong University,Beijing Key Laboratory of Security and Privacy in Intelligent Transportation,P. R. China",crossref+ror,medium,accepted,2026-07-21T13:38:28+00:00
10.1109/icc52391.2025.11162081,,Yingying Yao,,https://ror.org/01yj56c84,"Beijing Jiaotong University,Beijing Key Laboratory of Security and Privacy in Intelligent Transportation,P. R. China",crossref+ror,medium,accepted,2026-07-21T13:38:28+00:00
10.1109/icc52391.2025.11162081,,Yueqi Jiang,,https://ror.org/01yj56c84,"Beijing Jiaotong University,Beijing Key Laboratory of Security and Privacy in Intelligent Transportation,P. R. China",crossref+ror,medium,accepted,2026-07-21T13:38:28+00:00
10.1109/ispa-bdcloud-socialcom-sustaincom51426.2020.00029,,Haoqi Sun,,https://ror.org/05qbk4x57,"School of Cyber Security, University of Chinese Academy of Sciences,Beijing,China",crossref+ror,medium,accepted,2026-07-21T13:41:17+00:00
10.1109/ispa-bdcloud-socialcom-sustaincom51426.2020.00029,,Lei Zhang,,https://ror.org/05qbk4x57,"School of Cyber Security, University of Chinese Academy of Sciences,Beijing,China",crossref+ror,medium,accepted,2026-07-21T13:41:17+00:00
10.1109/ispa-bdcloud-socialcom-sustaincom51426.2020.00029,,Minghao Tang,,https://ror.org/05qbk4x57,"School of Cyber Security, University of Chinese Academy of Sciences,Beijing,China",crossref+ror,medium,accepted,2026-07-21T13:41:17+00:00
10.1109/ispa-bdcloud-socialcom-sustaincom51426.2020.00029,,Peng Zhang,,https://ror.org/034t30j35,"Institute of Information Engineering, Chinese Academy of Sciences,Beijing,China",crossref+ror,medium,accepted,2026-07-21T13:41:17+00:00
10.1109/issre.2019.00025,,Fangyun Qin,,https://ror.org/00wk2mp56,Beihang University,crossref+ror,medium,accepted,2026-07-21T13:41:47+00:00
10.1109/issre.2019.00025,,Kishor S. Trivedi,,https://ror.org/00py81415,Duke University,crossref+ror,medium,accepted,2026-07-21T13:41:47+00:00
10.1109/issre.2019.00025,,Xiaohui Wan,,https://ror.org/00wk2mp56,Beihang University,crossref+ror,medium,accepted,2026-07-21T13:41:47+00:00
10.1109/issre.2019.00025,,Yu Qiao,,https://ror.org/00wk2mp56,Beihang University,crossref+ror,medium,accepted,2026-07-21T13:41:47+00:00
10.1109/issre.2019.00025,,Zheng Zheng,,https://ror.org/00wk2mp56,Beihang University,crossref+ror,medium,accepted,2026-07-21T13:41:47+00:00
10.1109/issre55969.2022.00029,,Marco Vieira,,https://ror.org/04z8k9a98,"University of Coimbra, CISUC, DEI,Coimbra,Portugal",crossref+ror,medium,accepted,2026-07-21T13:40:26+00:00
10.1109/issre55969.2022.00029,,Matheus Torquato,,https://ror.org/04z8k9a98,"University of Coimbra, CISUC, DEI,Coimbra,Portugal",crossref+ror,medium,accepted,2026-07-21T13:40:26+00:00
10.1109/issre55969.2022.00029,,Paulo Maciel,,https://ror.org/047908t24,"Centro de Inform&#x00E1;tica, Universidade Federal de Pernambuco (CIn-UFPE),Recife,Brazil",crossref+ror,medium,accepted,2026-07-21T13:40:26+00:00
10.1109/issre55969.2022.00048,,Wenjie Ding,,https://ror.org/00wk2mp56,"School of Automation Science and Electrical Engineering,Beihang University,Beijing,China",crossref+ror,medium,accepted,2026-07-21T13:40:23+00:00
10.1109/issre55969.2022.00048,,Yang Zheng,,https://ror.org/04w9fbh59,"School of Computer Science (National Pilot Software Engineering School)Beijing University of Posts and Telecommunications,Beijing,China",crossref+ror,medium,accepted,2026-07-21T13:40:23+00:00
10.1109/issre55969.2022.00048,,Zheng Hu,,https://ror.org/04w9fbh59,"School of Computer Science (National Pilot Software Engineering School)Beijing University of Posts and Telecommunications,Beijing,China",crossref+ror,medium,accepted,2026-07-21T13:40:23+00:00
10.1109/issre55969.2022.00048,,Zheng Zheng,,https://ror.org/00wk2mp56,"School of Automation Science and Electrical Engineering,Beihang University,Beijing,China",crossref+ror,medium,accepted,2026-07-21T13:40:23+00:00
10.1109/issre55969.2022.00048,,Zhihao Liu,,https://ror.org/00wk2mp56,"School of Automation Science and Electrical Engineering,Beihang University,Beijing,China",crossref+ror,medium,accepted,2026-07-21T13:40:23+00:00
10.1109/issre55969.2022.00049,,Chen Zhang,,https://ror.org/03fe7t173,"School of Computer and Artificial Intelligence, Wuhan University of Technology,Hubei Key Laboratory of Transportation of Internet of Things,Wuhan,China",crossref+ror,medium,accepted,2026-07-21T13:40:21+00:00
10.1109/issre55969.2022.00049,,Dongdong Zhao,,https://ror.org/03fe7t173,"School of Computer and Artificial Intelligence, Wuhan University of Technology,Hubei Key Laboratory of Transportation of Internet of Things,Wuhan,China",crossref+ror,medium,accepted,2026-07-21T13:40:21+00:00
10.1109/issre55969.2022.00049,,Jianwen Xiang,,https://ror.org/03fe7t173,"School of Computer and Artificial Intelligence, Wuhan University of Technology,Hubei Key Laboratory of Transportation of Internet of Things,Wuhan,China",crossref+ror,medium,accepted,2026-07-21T13:40:21+00:00
10.1109/issre55969.2022.00049,,Kai Jia,,https://ror.org/03fe7t173,"School of Computer and Artificial Intelligence, Wuhan University of Technology,Hubei Key Laboratory of Transportation of Internet of Things,Wuhan,China",crossref+ror,medium,accepted,2026-07-21T13:40:21+00:00
10.1109/issre55969.2022.00049,,Wenhua Hu,,https://ror.org/03fe7t173,"School of Computer and Artificial Intelligence, Wuhan University of Technology,Hubei Key Laboratory of Transportation of Internet of Things,Wuhan,China",crossref+ror,medium,accepted,2026-07-21T13:40:21+00:00
10.1109/issre55969.2022.00049,,Xiao Yu,,https://ror.org/03fe7t173,"School of Computer and Artificial Intelligence, Wuhan University of Technology,Hubei Key Laboratory of Transportation of Internet of Things,Wuhan,China",crossref+ror,medium,accepted,2026-07-21T13:40:21+00:00
10.1109/issre59848.2023.00053,,Chen Zhang,,https://ror.org/03fe7t173,"Wuhan University of Technology,School of Computer Science and Artificial Intelligence,Wuhan,China",crossref+ror,medium,accepted,2026-07-21T13:39:50+00:00
10.1109/issre59848.2023.00053,,Domenico Cotroneo,,https://ror.org/05290cv24,"University of Naples Federico II,Italy",crossref+ror,medium,accepted,2026-07-21T13:39:50+00:00
10.1109/issre59848.2023.00053,,Dongdong Zhao,,https://ror.org/03fe7t173,"Wuhan University of Technology,School of Computer Science and Artificial Intelligence,Wuhan,China",crossref+ror,medium,accepted,2026-07-21T13:39:50+00:00
10.1109/issre59848.2023.00053,,Jianwen Xiang,,https://ror.org/03fe7t173,"Wuhan University of Technology,School of Computer Science and Artificial Intelligence,Wuhan,China",crossref+ror,medium,accepted,2026-07-21T13:39:50+00:00
10.1109/issre59848.2023.00053,,Roberto Natella,,https://ror.org/05290cv24,"University of Naples Federico II,Italy",crossref+ror,medium,accepted,2026-07-21T13:39:50+00:00
10.1109/issre59848.2023.00053,,Roberto Pietrantuono,,https://ror.org/05290cv24,"University of Naples Federico II,Italy",crossref+ror,medium,accepted,2026-07-21T13:39:50+00:00
10.1109/issre59848.2023.00053,,Shuo Feng,,https://ror.org/04ypx8c21,"Zhengzhou University,School of Computer and Artificial Intelligence,China",crossref+ror,medium,accepted,2026-07-21T13:39:50+00:00
10.1109/issre59848.2023.00053,,Wenzhi Xie,,https://ror.org/03fe7t173,"Wuhan University of Technology,School of Computer Science and Artificial Intelligence,Wuhan,China",crossref+ror,medium,accepted,2026-07-21T13:39:50+00:00
10.1109/issre62328.2024.00062,,Enrico Vicario,,https://ror.org/04jr1s763,"University of Florence,Department of Information Engineering,Florence,Italy",crossref+ror,medium,accepted,2026-07-21T13:39:07+00:00
10.1109/issre62328.2024.00062,,Laura Carnevali,,https://ror.org/04jr1s763,"University of Florence,Department of Information Engineering,Florence,Italy",crossref+ror,medium,accepted,2026-07-21T13:39:07+00:00
10.1109/issre62328.2024.00062,,Leonardo Paroli,,https://ror.org/04jr1s763,"University of Florence,Department of Information Engineering,Florence,Italy",crossref+ror,medium,accepted,2026-07-21T13:39:07+00:00
10.1109/issre62328.2024.00062,,Tommaso Botarelli,,https://ror.org/04jr1s763,"University of Florence,Department of Information Engineering,Florence,Italy",crossref+ror,medium,accepted,2026-07-21T13:39:07+00:00
10.1109/issrew.2012.89,,Agapios N. Platis,,https://ror.org/03zsp3p94,"Dept. of Financial &amp; Manage. Eng., Univ. of the Aegean, Chios, Greece",crossref+ror,medium,accepted,2026-07-21T13:43:06+00:00
10.1109/issrew.2012.89,,Sonia Malefaki,,https://ror.org/017wvtq80,"Dept. of Eng. Sci., Univ. of Patras, Rio Patras, Greece",crossref+ror,medium,accepted,2026-07-21T13:43:06+00:00
10.1109/issrew.2012.89,,Vasilis P. Koutras,,https://ror.org/03zsp3p94,"Dept. of Financial &amp; Manage. Eng., Univ. of the Aegean, Chios, Greece",crossref+ror,medium,accepted,2026-07-21T13:43:06+00:00
10.1109/issrew.2019.00073,,Fumio Machida,,https://ror.org/02956yf07,University of Tsukuba,crossref+ror,medium,accepted,2026-07-21T13:41:38+00:00
10.1109/issrew.2019.00074,,Paulo Maciel,,https://ror.org/047908t24,"Federal University of Pernambuco, Brazil",crossref+ror,medium,accepted,2026-07-21T13:41:33+00:00
10.1109/issrew53611.2021.00037,,Bin Xu,,https://ror.org/03fe7t173,"School of computer and artificial intelligence, Wuhan University of Technology,Wuhan,China",crossref+ror,medium,accepted,2026-07-21T13:40:38+00:00
10.1109/issrew53611.2021.00037,,Dimeng Li,,https://ror.org/03fe7t173,"School of computer and artificial intelligence, Wuhan University of Technology,Wuhan,China",crossref+ror,medium,accepted,2026-07-21T13:40:38+00:00
10.1109/issrew53611.2021.00037,,Dongdong Zhao,,https://ror.org/03fe7t173,"School of computer and artificial intelligence, Wuhan University of Technology,Wuhan,China",crossref+ror,medium,accepted,2026-07-21T13:40:38+00:00
10.1109/issrew53611.2021.00037,,Jianwen Xiang,,https://ror.org/03fe7t173,"School of computer and artificial intelligence, Wuhan University of Technology,Wuhan,China",crossref+ror,medium,accepted,2026-07-21T13:40:38+00:00
10.1109/issrew53611.2021.00037,,Mengting Liang,,https://ror.org/03fe7t173,"School of computer and artificial intelligence, Wuhan University of Technology,Wuhan,China",crossref+ror,medium,accepted,2026-07-21T13:40:38+00:00
10.1109/issrew53611.2021.00037,,Xiao Yu,,https://ror.org/03fe7t173,"School of computer and artificial intelligence, Wuhan University of Technology,Wuhan,China",crossref+ror,medium,accepted,2026-07-21T13:40:38+00:00
10.1109/issrew53611.2021.00038,,Hiroyuki Okamura,,https://ror.org/03t78wx29,"Grad. Sch. Adv. Sci. Eng., Hiroshima Univ.,Higashi-Hiroshima,Japan",crossref+ror,medium,accepted,2026-07-21T13:40:45+00:00
10.1109/issrew53611.2021.00038,,Junjun Zheng,,https://ror.org/0197nmd03,"Ritsumeikan Univ.,Depart. Info. Sci. Eng.,Kusatsu,Japan",crossref+ror,medium,accepted,2026-07-21T13:40:45+00:00
10.1109/issrew53611.2021.00038,,Tadashi Dohi,,https://ror.org/03t78wx29,"Grad. Sch. Adv. Sci. Eng., Hiroshima Univ.,Higashi-Hiroshima,Japan",crossref+ror,medium,accepted,2026-07-21T13:40:45+00:00
10.1109/issrew53611.2021.00040,,Enrico Vicario,,https://ror.org/04jr1s763,"University of Florence,Department of Information Engineering,Florence,Italy",crossref+ror,medium,accepted,2026-07-21T13:40:48+00:00
10.1109/issrew53611.2021.00040,,Jacopo Parri,,https://ror.org/04jr1s763,"University of Florence,Department of Information Engineering,Florence,Italy",crossref+ror,medium,accepted,2026-07-21T13:40:48+00:00
10.1109/issrew53611.2021.00040,,Leonardo Scommegna,,https://ror.org/04jr1s763,"University of Florence,Department of Information Engineering,Florence,Italy",crossref+ror,medium,accepted,2026-07-21T13:40:48+00:00
10.1109/issrew53611.2021.00040,,Samuele Sampietro,,https://ror.org/04jr1s763,"University of Florence,Department of Information Engineering,Florence,Italy",crossref+ror,medium,accepted,2026-07-21T13:40:48+00:00
10.1109/issrew53611.2021.00041,,Domenico Cotroneo,,https://ror.org/05290cv24,"University of Naples Federico II,Naples,Italy",crossref+ror,medium,accepted,2026-07-21T13:40:48+00:00
10.1109/issrew53611.2021.00041,,Ermeson Andrade,,https://ror.org/02ksmb993,"Federal Rural University of Pernambuco,Department of Computing,Recife,Brazil",crossref+ror,medium,accepted,2026-07-21T13:40:48+00:00
10.1109/issrew53611.2021.00041,,Fumio Machida,,https://ror.org/02956yf07,"University of Tsukuba,Department of Computer Science,Tsukuba,Japan",crossref+ror,medium,accepted,2026-07-21T13:40:48+00:00
10.1109/issrew53611.2021.00041,,Roberto Pietrantuono,,https://ror.org/05290cv24,"University of Naples Federico II,Naples,Italy",crossref+ror,medium,accepted,2026-07-21T13:40:48+00:00
10.1109/issrew53611.2021.00042,,Jose Flora,,https://ror.org/04z8k9a98,"University of Coimbra, CISUC, DEI,Coimbra,Portugal",crossref+ror,medium,accepted,2026-07-21T13:40:47+00:00
10.1109/issrew53611.2021.00042,,Miguel Teixeira,,https://ror.org/04z8k9a98,"University of Coimbra, CISUC, DEI,Coimbra,Portugal",crossref+ror,medium,accepted,2026-07-21T13:40:47+00:00
10.1109/issrew53611.2021.00042,,Nuno Antunes,,https://ror.org/04z8k9a98,"University of Coimbra, CISUC, DEI,Coimbra,Portugal",crossref+ror,medium,accepted,2026-07-21T13:40:47+00:00
10.1109/issrew53611.2021.00042,,Paulo Goncalves,,https://ror.org/04z8k9a98,"University of Coimbra, CISUC, DEI,Coimbra,Portugal",crossref+ror,medium,accepted,2026-07-21T13:40:47+00:00
10.1109/issrew53611.2021.00043,,Nuno Antunes,,https://ror.org/04z8k9a98,"University of Coimbra,Department Of Informatics Engineering,Coimbra,Portugal",crossref+ror,medium,accepted,2026-07-21T13:40:40+00:00
10.1109/issrew55968.2022.00060,,Enrico Vicario,,https://ror.org/04jr1s763,"University of Florence,Dept. of Information Engineering,Florence,Italy",crossref+ror,medium,accepted,2026-07-21T13:40:19+00:00
10.1109/issrew55968.2022.00060,,Laura Carnevali,,https://ror.org/04jr1s763,"University of Florence,Dept. of Information Engineering,Florence,Italy",crossref+ror,medium,accepted,2026-07-21T13:40:19+00:00
10.1109/issrew55968.2022.00060,,Leonardo Scommegna,,https://ror.org/04jr1s763,"University of Florence,Dept. of Information Engineering,Florence,Italy",crossref+ror,medium,accepted,2026-07-21T13:40:19+00:00
10.1109/issrew55968.2022.00060,,Marco Paolieri,,https://ror.org/03taz7m60,"University of Southern California,Dept. of Computer Science,Los Angeles,USA",crossref+ror,medium,accepted,2026-07-21T13:40:19+00:00
10.1109/issrew55968.2022.00060,,Riccardo Reali,,https://ror.org/04jr1s763,"University of Florence,Dept. of Information Engineering,Florence,Italy",crossref+ror,medium,accepted,2026-07-21T13:40:19+00:00
10.1109/issrew55968.2022.00061,,Cabral Lima,,https://ror.org/03490as77,"Federal University of Rio de Janeiro (UFRJ),Brazil",crossref+ror,medium,accepted,2026-07-21T13:40:16+00:00
10.1109/issrew55968.2022.00061,,Daniel Sadoc Menasch,,https://ror.org/03490as77,"Federal University of Rio de Janeiro (UFRJ),Brazil",crossref+ror,medium,accepted,2026-07-21T13:40:16+00:00
10.1109/issrew55968.2022.00061,,Leonardo Miranda,,https://ror.org/03490as77,"Federal University of Rio de Janeiro (UFRJ),Brazil",crossref+ror,medium,accepted,2026-07-21T13:40:16+00:00
10.1109/issrew55968.2022.00063,,Alessandro Fantechi,,https://ror.org/04jr1s763,"University of Florence,DINFO,Firenze,Italy",crossref+ror,medium,accepted,2026-07-21T13:40:13+00:00
10.1109/issrew55968.2022.00063,,Gloria Gori,,https://ror.org/04jr1s763,"University of Florence,DINFO,Firenze,Italy",crossref+ror,medium,accepted,2026-07-21T13:40:13+00:00
10.1109/issrew55968.2022.00063,,Marco Papini,,https://ror.org/04jr1s763,"University of Florence,DINFO,Firenze,Italy",crossref+ror,medium,accepted,2026-07-21T13:40:13+00:00
10.1109/issrew55968.2022.00064,,Douglas Dias,,https://ror.org/02ksmb993,"Federal Rural University of Pernambuco,Department of Computing,Recife,Brazil",crossref+ror,medium,accepted,2026-07-21T13:40:17+00:00
10.1109/issrew55968.2022.00064,,Ermeson Andrade,,https://ror.org/02ksmb993,"Federal Rural University of Pernambuco,Department of Computing,Recife,Brazil",crossref+ror,medium,accepted,2026-07-21T13:40:17+00:00
10.1109/issrew55968.2022.00064,,Fumio Machida,,https://ror.org/02956yf07,"University of Tsukuba,Department of Computer Science,Tsukuba,Japan",crossref+ror,medium,accepted,2026-07-21T13:40:17+00:00
10.1109/issrew55968.2022.00066,,Chen Zhang,,https://ror.org/03fe7t173,"School of Computer Science and Artificial Intelligence Wuhan University of Technology,Hubei Key Laboratory of Transportation of Internet of Things,Wuhan,China",crossref+ror,medium,accepted,2026-07-21T13:40:17+00:00
10.1109/issrew55968.2022.00066,,Dongdong Zhao,,https://ror.org/03fe7t173,"School of Computer Science and Artificial Intelligence Wuhan University of Technology,Hubei Key Laboratory of Transportation of Internet of Things,Wuhan,China",crossref+ror,medium,accepted,2026-07-21T13:40:17+00:00
10.1109/issrew55968.2022.00066,,Jianwen Xiang,,https://ror.org/03fe7t173,"School of Computer Science and Artificial Intelligence Wuhan University of Technology,Hubei Key Laboratory of Transportation of Internet of Things,Wuhan,China",crossref+ror,medium,accepted,2026-07-21T13:40:17+00:00
10.1109/issrew55968.2022.00066,,Kai Jia,,https://ror.org/03fe7t173,"School of Computer Science and Artificial Intelligence Wuhan University of Technology,Hubei Key Laboratory of Transportation of Internet of Things,Wuhan,China",crossref+ror,medium,accepted,2026-07-21T13:40:17+00:00
10.1109/issrew55968.2022.00066,,Yancai Zhou,,https://ror.org/03fe7t173,"School of Computer Science and Artificial Intelligence Wuhan University of Technology,Hubei Key Laboratory of Transportation of Internet of Things,Wuhan,China",crossref+ror,medium,accepted,2026-07-21T13:40:17+00:00
10.1109/issrew60843.2023.00074,,Andre van Hoorn,,https://ror.org/04vnq7t77,"University of Stuttgart,Germany",crossref+ror,medium,accepted,2026-07-21T13:39:42+00:00
10.1109/issrew60843.2023.00074,,Andrea Janes,,https://ror.org/031wyx077,"FHV Vorarlberg University of Applied Sciences,Dornbirn,Austria",crossref+ror,medium,accepted,2026-07-21T13:39:42+00:00
10.1109/issrew60843.2023.00074,,Catia Trubiani,,https://ror.org/043qcb444,"Gran Sasso Science Institute,Italy",crossref+ror,medium,accepted,2026-07-21T13:39:42+00:00
10.1109/issrew60843.2023.00074,,Daniel S. Menasché,,https://ror.org/03490as77,"Federal University of Rio de Janeiro (UFRJ),Brazil",crossref+ror,medium,accepted,2026-07-21T13:39:42+00:00
10.1109/issrew60843.2023.00074,,Matteo Camilli,,https://ror.org/01nffqt88,"Politecnico di Milano,Italy",crossref+ror,medium,accepted,2026-07-21T13:39:42+00:00
10.1109/issrew60843.2023.00075,,Chen Zhang,,https://ror.org/03fe7t173,"Wuhan University of Technology,Hubei Key Laboratory of Transportation of Internet of Things School of Computer Science and Artificial Intelligence,Wuhan,China",crossref+ror,medium,accepted,2026-07-21T13:39:41+00:00
10.1109/issrew60843.2023.00075,,Dongdong Zhao,,https://ror.org/03fe7t173,"Wuhan University of Technology,Hubei Key Laboratory of Transportation of Internet of Things School of Computer Science and Artificial Intelligence,Wuhan,China",crossref+ror,medium,accepted,2026-07-21T13:39:41+00:00
10.1109/issrew60843.2023.00075,,Jianwen Xiang,,https://ror.org/03fe7t173,"Wuhan University of Technology,Hubei Key Laboratory of Transportation of Internet of Things School of Computer Science and Artificial Intelligence,Wuhan,China",crossref+ror,medium,accepted,2026-07-21T13:39:41+00:00
10.1109/issrew60843.2023.00075,,Jing Tian,,https://ror.org/03fe7t173,"Wuhan University of Technology,Hubei Key Laboratory of Transportation of Internet of Things School of Computer Science and Artificial Intelligence,Wuhan,China",crossref+ror,medium,accepted,2026-07-21T13:39:41+00:00
10.1109/issrew60843.2023.00075,,Junwei Zhou,,https://ror.org/03fe7t173,"Wuhan University of Technology,Hubei Key Laboratory of Transportation of Internet of Things School of Computer Science and Artificial Intelligence,Wuhan,China",crossref+ror,medium,accepted,2026-07-21T13:39:41+00:00
10.1109/issrew60843.2023.00075,,Kai Jia,,https://ror.org/03fe7t173,"Wuhan University of Technology,Hubei Key Laboratory of Transportation of Internet of Things School of Computer Science and Artificial Intelligence,Wuhan,China",crossref+ror,medium,accepted,2026-07-21T13:39:41+00:00
10.1109/issrew60843.2023.00075,,Wenzhi Xie,,https://ror.org/03fe7t173,"Wuhan University of Technology,Hubei Key Laboratory of Transportation of Internet of Things School of Computer Science and Artificial Intelligence,Wuhan,China",crossref+ror,medium,accepted,2026-07-21T13:39:41+00:00
10.1109/issrew60843.2023.00077,,Douglas Dias,,https://ror.org/02ksmb993,"Federal Rural University of Pernambuco,Department of Computing,Recife,Brazil",crossref+ror,medium,accepted,2026-07-21T13:39:40+00:00
10.1109/issrew60843.2023.00077,,Ermeson Andrade,,https://ror.org/02ksmb993,"Federal Rural University of Pernambuco,Department of Computing,Recife,Brazil",crossref+ror,medium,accepted,2026-07-21T13:39:40+00:00
10.1109/issrew60843.2023.00077,,Fumio Machida,,https://ror.org/02956yf07,"University of Tsukuba,Department of Computer Science,Tsukuba,Japan",crossref+ror,medium,accepted,2026-07-21T13:39:40+00:00
10.1109/issrew63542.2024.00109,,Fumio Machida,,https://ror.org/02956yf07,"University of Tsukuba,Department of Computer Science,Tsukuba,Japan",crossref+ror,medium,accepted,2026-07-21T13:39:06+00:00
10.1109/issrew63542.2024.00109,,Nianqiu Wang,,https://ror.org/02956yf07,"University of Tsukuba,Department of Computer Science,Tsukuba,Japan",crossref+ror,medium,accepted,2026-07-21T13:39:06+00:00
10.1109/issrew63542.2024.00110,,Enrico Vicario,,https://ror.org/04jr1s763,"University of Florence,Dept. of Information Engineering,Florence,Italy",crossref+ror,medium,accepted,2026-07-21T13:39:01+00:00
10.1109/issrew63542.2024.00110,,Giovanni Fontani,,https://ror.org/04jr1s763,"University of Florence,Dept. of Information Engineering,Florence,Italy",crossref+ror,medium,accepted,2026-07-21T13:39:01+00:00
10.1109/issrew63542.2024.00110,,Leonardo Paroli,,https://ror.org/04jr1s763,"University of Florence,Dept. of Information Engineering,Florence,Italy",crossref+ror,medium,accepted,2026-07-21T13:39:01+00:00
10.1109/issrew63542.2024.00110,,Leonardo Scommegna,,https://ror.org/04jr1s763,"University of Florence,Dept. of Information Engineering,Florence,Italy",crossref+ror,medium,accepted,2026-07-21T13:39:01+00:00
10.1109/issrew63542.2024.00110,,Marco Becattini,,https://ror.org/04jr1s763,"University of Florence,Dept. of Information Engineering,Florence,Italy",crossref+ror,medium,accepted,2026-07-21T13:39:01+00:00
10.1109/issrew63542.2024.00111,,Andrea Janes,,https://ror.org/012ajp527,"Free University of Bozen-Bolzano,Italy",crossref+ror,medium,accepted,2026-07-21T13:39:01+00:00
10.1109/issrew63542.2024.00111,,Catia Trubiani,,https://ror.org/043qcb444,"Gran Sasso Science Institute,Italy",crossref+ror,medium,accepted,2026-07-21T13:39:01+00:00
10.1109/issrew63542.2024.00111,,Daniel S. Menasché,,https://ror.org/03490as77,"Universidade Federal do Rio de Janeiro,Brazil",crossref+ror,medium,accepted,2026-07-21T13:39:01+00:00
10.1109/issrew63542.2024.00111,,James J. Cusick,,https://ror.org/0197nmd03,"Ritsumeikan University,Shiga,Japan",crossref+ror,medium,accepted,2026-07-21T13:39:01+00:00
10.1109/issrew63542.2024.00113,,Kojiro Soeda,,https://ror.org/00ws30h19,"Tokyo Metropolitan University,Department of Electrical Engineering and Computer Science,Tokyo,Japan",crossref+ror,medium,accepted,2026-07-21T13:39:05+00:00
10.1109/issrew63542.2024.00113,,Xiao Xiao,,https://ror.org/00ws30h19,"Tokyo Metropolitan University,Department of Electrical Engineering and Computer Science,Tokyo,Japan",crossref+ror,medium,accepted,2026-07-21T13:39:05+00:00
10.1109/issrew67781.2025.00078,,Emerson Felipe,,https://ror.org/02ksmb993,"Universidade Federal Rural de Pernambuco,Departamento de Computa&#x00E7;&#x00E3;o,Recife,Brazil",crossref+ror,medium,accepted,2026-07-21T13:38:36+00:00
10.1109/issrew67781.2025.00078,,Gustavo Callou,,https://ror.org/02ksmb993,"Universidade Federal Rural de Pernambuco,Departamento de Computa&#x00E7;&#x00E3;o,Recife,Brazil",crossref+ror,medium,accepted,2026-07-21T13:38:36+00:00
10.1109/issrew67781.2025.00078,,Ivson Borges,,https://ror.org/02ksmb993,"Universidade Federal Rural de Pernambuco,Centro de Inform&#x00E1;tica,Recife,Brazil",crossref+ror,medium,accepted,2026-07-21T13:38:36+00:00
10.1109/issrew67781.2025.00088,,Jean Araujo,,https://ror.org/03s3m1w94,"Universidade Federal do Agreste de Pernambuco (UFAPE),Garanhuns,Pernambuco,Brazil",crossref+ror,medium,accepted,2026-07-21T13:38:43+00:00
10.1109/issrew67781.2025.00088,,Mariane Silva,,https://ror.org/03s3m1w94,"Universidade Federal do Agreste de Pernambuco (UFAPE),Garanhuns,Pernambuco,Brazil",crossref+ror,medium,accepted,2026-07-21T13:38:43+00:00
10.1109/issrew67781.2025.00088,,Pedro Melo,,https://ror.org/03s3m1w94,"Universidade Federal do Agreste de Pernambuco (UFAPE),Garanhuns,Pernambuco,Brazil",crossref+ror,medium,accepted,2026-07-21T13:38:43+00:00
10.1109/issrew67781.2025.00088,,Thayson Guedes,,https://ror.org/03s3m1w94,"Universidade Federal do Agreste de Pernambuco (UFAPE),Garanhuns,Pernambuco,Brazil",crossref+ror,medium,accepted,2026-07-21T13:38:43+00:00
10.1109/issrew67781.2025.00089,,André Assis,,https://ror.org/02ksmb993,"Federal Rural University of Pernambuco,Recife,Brazil",crossref+ror,medium,accepted,2026-07-21T13:38:41+00:00
10.1109/issrew67781.2025.00089,,Ermeson Andrade,,https://ror.org/02ksmb993,"Federal Rural University of Pernambuco,Recife,Brazil",crossref+ror,medium,accepted,2026-07-21T13:38:41+00:00
10.1109/issrew67781.2025.00089,,Fumio Machida,,https://ror.org/02956yf07,"University of Tsukuba,Tsukuba,Japan",crossref+ror,medium,accepted,2026-07-21T13:38:41+00:00
10.1109/issrew67781.2025.00090,,César Santos,,https://ror.org/02ksmb993,"Federal Rural University of Pernambuco,Department of Computing,Recife,Brazil",crossref+ror,medium,accepted,2026-07-21T13:38:39+00:00
10.1109/issrew67781.2025.00090,,Ermeson Andrade,,https://ror.org/02ksmb993,"Federal Rural University of Pernambuco,Department of Computing,Recife,Brazil",crossref+ror,medium,accepted,2026-07-21T13:38:39+00:00
10.1109/issrew67781.2025.00091,,Enrico Vicario,,https://ror.org/04jr1s763,"University of Florence,Dept. of Information Engineering,Florence,Italy",crossref+ror,medium,accepted,2026-07-21T13:38:37+00:00
10.1109/issrew67781.2025.00091,,Laura Carnevali,,https://ror.org/04jr1s763,"University of Florence,Dept. of Information Engineering,Florence,Italy",crossref+ror,medium,accepted,2026-07-21T13:38:37+00:00
10.1109/issrew67781.2025.00091,,Leonardo Scommegna,,https://ror.org/04jr1s763,"University of Florence,Dept. of Information Engineering,Florence,Italy",crossref+ror,medium,accepted,2026-07-21T13:38:37+00:00
10.1109/metacom65502.2025.00020,,Damsub Lim,,https://ror.org/025h1m602,"Konkuk University,Graduate School,Dept. of Computer Science and Engineering Dept. of Artificial Intelligence,Seoul,Korea",crossref+ror,medium,accepted,2026-07-21T13:38:30+00:00
10.1109/metacom65502.2025.00020,,Dugki Min,,https://ror.org/025h1m602,"Konkuk University,Graduate School,Dept. of Computer Science and Engineering Dept. of Artificial Intelligence,Seoul,Korea",crossref+ror,medium,accepted,2026-07-21T13:38:30+00:00
10.1109/metacom65502.2025.00020,,Francisco Airton Silva,,https://ror.org/00kwnx126,"Federal University of Piau&#x00ED; (UFPI),Laboratory of Applied Research to Distributed Systems (PASID),Piauí,Brazil",crossref+ror,medium,accepted,2026-07-21T13:38:30+00:00
10.1109/metacom65502.2025.00020,,Iure Fe,,https://ror.org/00kwnx126,"Federal University of Piau&#x00ED; (UFPI),Laboratory of Applied Research to Distributed Systems (PASID),Piauí,Brazil",crossref+ror,medium,accepted,2026-07-21T13:38:30+00:00
10.1109/metacom65502.2025.00020,,Paulo Maciel,,https://ror.org/047908t24,"Centro de Inform&#x00E1;tica Universidade Federal de Pernambuco,MoDCS Research Group,Recife,Pernambuco,Brazil",crossref+ror,medium,accepted,2026-07-21T13:38:30+00:00
10.1109/metacom65502.2025.00020,,Seunghyeop Nam,,https://ror.org/025h1m602,"Konkuk University,Graduate School,Dept. of Computer Science and Engineering Dept. of Artificial Intelligence,Seoul,Korea",crossref+ror,medium,accepted,2026-07-21T13:38:30+00:00
10.1109/metacom65502.2025.00020,,Tuan Anh Nguyen,,https://ror.org/02b2dfs85,"Ho Chi Minh City University of Industry and Trade (HUIT),Dept. of Software Engineering,Ho Chi Minh City,Vietnam",crossref+ror,medium,accepted,2026-07-21T13:38:30+00:00
10.1109/netsoft64993.2025.11080576,,F. Postiglione,,https://ror.org/0192m2k53,"University of Salerno,Italy",crossref+ror,medium,accepted,2026-07-21T13:38:44+00:00
10.1109/netsoft64993.2025.11080576,,M. Di Mauro,,https://ror.org/0192m2k53,"University of Salerno,Italy",crossref+ror,medium,accepted,2026-07-21T13:38:44+00:00
10.1109/netsoft64993.2025.11080576,,M. Longo,,https://ror.org/0192m2k53,"University of Salerno,Italy",crossref+ror,medium,accepted,2026-07-21T13:38:44+00:00
10.1109/qrs-c55045.2021.00059,,Bin Xu,,https://ror.org/03fe7t173,"School of Computer Science and Artificial Intelligence, Wuhan University of Technology,Wuhan,China",crossref+ror,medium,accepted,2026-07-21T13:40:50+00:00
10.1109/qrs-c55045.2021.00059,,Dimeng Li,,https://ror.org/03fe7t173,"School of Computer Science and Artificial Intelligence, Wuhan University of Technology,Wuhan,China",crossref+ror,medium,accepted,2026-07-21T13:40:50+00:00
10.1109/qrs-c55045.2021.00059,,Jianwen Xiang,,https://ror.org/03fe7t173,"School of Computer Science and Artificial Intelligence, Wuhan University of Technology,Wuhan,China",crossref+ror,medium,accepted,2026-07-21T13:40:50+00:00
10.1109/qrs-c55045.2021.00059,,Junwei Zhou,,https://ror.org/03fe7t173,"School of Computer Science and Artificial Intelligence, Wuhan University of Technology,Wuhan,China",crossref+ror,medium,accepted,2026-07-21T13:40:50+00:00
10.1109/qrs-c55045.2021.00059,,Mengting Liang,,https://ror.org/03fe7t173,"School of Computer Science and Artificial Intelligence, Wuhan University of Technology,Wuhan,China",crossref+ror,medium,accepted,2026-07-21T13:40:50+00:00
10.1109/qrs-c55045.2021.00059,,Xiao Yu,,https://ror.org/03fe7t173,"School of Computer Science and Artificial Intelligence, Wuhan University of Technology,Wuhan,China",crossref+ror,medium,accepted,2026-07-21T13:40:50+00:00
10.1109/qrs54544.2021.00085,,Jing Liu,,https://ror.org/0106qb496,"Inner Mongolia University,College of Computer Science,Hohhot,China",crossref+ror,medium,accepted,2026-07-21T13:40:52+00:00
10.1109/qrs54544.2021.00085,,Xueyong Tan,,https://ror.org/0106qb496,"Inner Mongolia University,College of Computer Science,Hohhot,China",crossref+ror,medium,accepted,2026-07-21T13:40:52+00:00
10.1109/qrs57517.2022.00112,,Domenico Cotroneo,,https://ror.org/05290cv24,"University of Naples Federico II,Naples,Italy",crossref+ror,medium,accepted,2026-07-21T13:40:29+00:00
10.1109/qrs57517.2022.00112,,Ermeson Andrade,,https://ror.org/02ksmb993,"Federal Rural University of Pernambuco,Recife,Brazil",crossref+ror,medium,accepted,2026-07-21T13:40:29+00:00
10.1109/qrs57517.2022.00112,,Fumio Machida,,https://ror.org/02956yf07,"University of Tsukuba,Tsukuba,Japan",crossref+ror,medium,accepted,2026-07-21T13:40:29+00:00
10.1109/qrs57517.2022.00112,,Roberto Pietrantuono,,https://ror.org/05290cv24,"University of Naples Federico II,Naples,Italy",crossref+ror,medium,accepted,2026-07-21T13:40:29+00:00
10.1109/qrs57517.2022.00117,,Jing Liu,,https://ror.org/0106qb496,"Inner Mongolia University,College of Computer Science,Hohhot,China",crossref+ror,medium,accepted,2026-07-21T13:40:29+00:00
10.1109/qrs57517.2022.00117,,Xueyong Tan,,https://ror.org/0106qb496,"Inner Mongolia University,College of Computer Science,Hohhot,China",crossref+ror,medium,accepted,2026-07-21T13:40:29+00:00
10.1109/qrs60937.2023.00049,,Beibei Yin,,https://ror.org/00wk2mp56,"Beihang University,School of Automation Science and Electrical Engineering,Beijing,China",crossref+ror,medium,accepted,2026-07-21T13:39:53+00:00
10.1109/qrs60937.2023.00049,,Huayao Wu,,https://ror.org/01rxvg760,"Nanjing University,State Key Laboratory for Novel Software Technology,Nanjing,China",crossref+ror,medium,accepted,2026-07-21T13:39:53+00:00
10.1109/qrs60937.2023.00049,,Yuge Nie,,https://ror.org/00wk2mp56,"Beihang University,School of Automation Science and Electrical Engineering,Beijing,China",crossref+ror,medium,accepted,2026-07-21T13:39:53+00:00
10.1109/qrs60937.2023.00049,,Yulei Chen,,https://ror.org/00wk2mp56,"Beihang University,School of Automation Science and Electrical Engineering,Beijing,China",crossref+ror,medium,accepted,2026-07-21T13:39:53+00:00
10.1109/qrs60937.2023.00049,,Zheng Zheng,,https://ror.org/00wk2mp56,"Beihang University,School of Automation Science and Electrical Engineering,Beijing,China",crossref+ror,medium,accepted,2026-07-21T13:39:53+00:00
10.1109/smc58881.2025.11342437,,Antonio Sousa,,https://ror.org/028ka0n85,"Universidade Federal de Sergipe,Departamento de Computa&#x00E7;&#x00E3;o,S&#x00E3;o Crist&#x00F3;v&#x00E3;o,Brazil",crossref+ror,medium,accepted,2026-07-21T13:38:33+00:00
10.1109/smc58881.2025.11342437,,Jean Araujo,,https://ror.org/028ka0n85,"Universidade Federal de Sergipe,Departamento de Computa&#x00E7;&#x00E3;o,S&#x00E3;o Crist&#x00F3;v&#x00E3;o,Brazil",crossref+ror,medium,accepted,2026-07-21T13:38:33+00:00
10.1109/tcc.2020.3028648,,Jing Bai,,https://ror.org/01yj56c84,"Beijing Key Laboratory of Security and Privacy in Intelligent Transportation, Beijing Jiaotong University, Beijing, China",crossref+ror,medium,accepted,2026-07-21T13:40:04+00:00
10.1109/tcc.2020.3028648,,Kishor S. Trivedi,,https://ror.org/00py81415,"Electrical Engineering Department, Duke University, Durham, NC, USA",crossref+ror,medium,accepted,2026-07-21T13:40:04+00:00
10.1109/tcc.2020.3028648,,Xiaolin Chang,,https://ror.org/01yj56c84,"Beijing Key Laboratory of Security and Privacy in Intelligent Transportation, Beijing Jiaotong University, Beijing, China",crossref+ror,medium,accepted,2026-07-21T13:40:04+00:00
10.1109/tcc.2020.3028648,,Zhenjiang Zhang,,https://ror.org/01yj56c84,"School of Electronics and Information Engineering, Beijing Jiaotong University, Beijing, China",crossref+ror,medium,accepted,2026-07-21T13:40:04+00:00
10.1109/tcc.2023.3286894,,Fumio Machida,,https://ror.org/02956yf07,"Department of Computer Science, University of Tsukuba, Tsukuba, Ibaraki, Japan",crossref+ror,medium,accepted,2026-07-21T13:39:25+00:00
10.1109/tcc.2023.3286894,,Jing Bai,,https://ror.org/01yj56c84,"Beijing Key Laboratory of Security and Privacy in Intelligent Transportation, Beijing Jiaotong University, Beijing, China",crossref+ror,medium,accepted,2026-07-21T13:39:25+00:00
10.1109/tcc.2023.3286894,,Kishor S. Trivedi,,https://ror.org/00py81415,"Department of Electrical and Computer Engineering, Duke University, Durham, NC, USA",crossref+ror,medium,accepted,2026-07-21T13:39:25+00:00
10.1109/tcc.2023.3286894,,Xiaolin Chang,,https://ror.org/01yj56c84,"Beijing Key Laboratory of Security and Privacy in Intelligent Transportation, Beijing Jiaotong University, Beijing, China",crossref+ror,medium,accepted,2026-07-21T13:39:25+00:00
10.1109/tcc.2023.3286894,,Yaru Li,,https://ror.org/01yj56c84,"Beijing Key Laboratory of Security and Privacy in Intelligent Transportation, Beijing Jiaotong University, Beijing, China",crossref+ror,medium,accepted,2026-07-21T13:39:25+00:00
10.1109/tdsc.2021.3139201,,Domenico Cotroneo,,https://ror.org/05290cv24,"University of Naples Federico II, Naples, Italy",crossref+ror,medium,accepted,2026-07-21T13:39:24+00:00
10.1109/tdsc.2021.3139201,,Ermeson Andrade,,https://ror.org/02ksmb993,"Department of Computing, Federal Rural University of Pernambuco, Recife, Brazil",crossref+ror,medium,accepted,2026-07-21T13:39:24+00:00
10.1109/tdsc.2021.3139201,,Fumio Machida,,https://ror.org/02956yf07,"Department of Computer Science, University of Tsukuba, Ibaraki, Japan",crossref+ror,medium,accepted,2026-07-21T13:39:24+00:00
10.1109/tdsc.2021.3139201,,Roberto Pietrantuono,,https://ror.org/05290cv24,"University of Naples Federico II, Naples, Italy",crossref+ror,medium,accepted,2026-07-21T13:39:24+00:00
10.1109/tdsc.2022.3150782,,Fumio Machida,,https://ror.org/02956yf07,"Department of Computer Science, University of Tsukuba, Ibaraki, Japan",crossref+ror,medium,accepted,2026-07-21T13:39:20+00:00
10.1109/tdsc.2022.3150782,,Jing Bai,,https://ror.org/01yj56c84,"Beijing Key Laboratory of Security and Privacy in Intelligent Transportation, Beijing Jiaotong University, Beijing, China",crossref+ror,medium,accepted,2026-07-21T13:39:20+00:00
10.1109/tdsc.2022.3150782,,Kishor S. Trivedi,,https://ror.org/00py81415,"Department of Electrical and Computer Engineering, Duke University, Durham, NC, USA",crossref+ror,medium,accepted,2026-07-21T13:39:20+00:00
10.1109/tdsc.2022.3150782,,Lili Jiang,,https://ror.org/01yj56c84,"Beijing Key Laboratory of Security and Privacy in Intelligent Transportation, Beijing Jiaotong University, Beijing, China",crossref+ror,medium,accepted,2026-07-21T13:39:20+00:00
10.1109/tdsc.2022.3150782,,Xiaolin Chang,,https://ror.org/01yj56c84,"Beijing Key Laboratory of Security and Privacy in Intelligent Transportation, Beijing Jiaotong University, Beijing, China",crossref+ror,medium,accepted,2026-07-21T13:39:20+00:00
10.1109/tdsc.2022.3150782,,Zhen Han,,https://ror.org/01yj56c84,"Beijing Key Laboratory of Security and Privacy in Intelligent Transportation, Beijing Jiaotong University, Beijing, China",crossref+ror,medium,accepted,2026-07-21T13:39:20+00:00
10.1109/tdsc.2022.3152239,,Xiaoting Du,,https://ror.org/00wk2mp56,"State Key Laboratory of Software Development Environment, School of Automation Science and Electrical Engineering, Beihang University, Beijing, China",crossref+ror,medium,accepted,2026-07-21T13:39:21+00:00
10.1109/tdsc.2022.3152239,,Yulei Sui,,https://ror.org/03f0f6041,"Australian Artificial Intelligence Institute, University of Technology Sydney, Sydney, NSW, Australia",crossref+ror,medium,accepted,2026-07-21T13:39:21+00:00
10.1109/tdsc.2022.3152239,,Zhihao Liu,,https://ror.org/00wk2mp56,"State Key Laboratory of Software Development Environment, School of Automation Science and Electrical Engineering, Beihang University, Beijing, China",crossref+ror,medium,accepted,2026-07-21T13:39:21+00:00
10.1109/tdsc.2025.3567957,,Jianwen Xiang,,https://ror.org/03fe7t173,"Network Information Center, the Engineering Research Center of Transportation Information and Safety, Ministry of Education, Wuhan University of Technology, Wuhan, China",crossref+ror,medium,accepted,2026-07-21T13:38:56+00:00
10.1109/tdsc.2025.3567957,,Kai Jia,,https://ror.org/03fe7t173,"School of Computer Science and Artificial Intelligence, Wuhan University of Technology, Wuhan, China",crossref+ror,medium,accepted,2026-07-21T13:38:56+00:00
10.1109/tetc.2023.3258503,,Chen Zhang,,https://ror.org/03fe7t173,"School of Computer and Artificial Intelligence, Wuhan University of Technology, Wuhan, Hubei, China",crossref+ror,medium,accepted,2026-07-21T13:39:17+00:00
10.1109/tetc.2023.3258503,,Dongdong Zhao,,https://ror.org/03fe7t173,"School of Computer and Artificial Intelligence, Wuhan University of Technology, Wuhan, Hubei, China",crossref+ror,medium,accepted,2026-07-21T13:39:17+00:00
10.1109/tetc.2023.3258503,,Jianwen Xiang,,https://ror.org/03fe7t173,"School of Computer and Artificial Intelligence, Wuhan University of Technology, Wuhan, Hubei, China",crossref+ror,medium,accepted,2026-07-21T13:39:17+00:00
10.1109/tetc.2023.3258503,,Kai Jia,,https://ror.org/03fe7t173,"School of Computer and Artificial Intelligence, Wuhan University of Technology, Wuhan, Hubei, China",crossref+ror,medium,accepted,2026-07-21T13:39:17+00:00
10.1109/tetc.2023.3258503,,Wenhua Hu,,https://ror.org/03fe7t173,"School of Computer and Artificial Intelligence, Wuhan University of Technology, Wuhan, Hubei, China",crossref+ror,medium,accepted,2026-07-21T13:39:17+00:00
10.1109/tetc.2023.3258503,,Xiao Yu,,https://ror.org/03fe7t173,"School of Computer and Artificial Intelligence, Wuhan University of Technology, Wuhan, Hubei, China",crossref+ror,medium,accepted,2026-07-21T13:39:17+00:00
10.1109/tetc.2023.3279388,,Fangyun Qin,,https://ror.org/005edt527,"College of Information Engineering, Capital Normal University, Beijing, China",crossref+ror,medium,accepted,2026-07-21T13:39:19+00:00
10.1109/tetc.2023.3279388,,Xiaohui Wan,,https://ror.org/00wk2mp56,"Laboratory of Dependable Intelligent Systems, School of Automation Science and Electrical Engineering, Beihang University, Beijing, China",crossref+ror,medium,accepted,2026-07-21T13:39:19+00:00
10.1109/tetc.2023.3279388,,Zheng Zheng,,https://ror.org/00wk2mp56,"Laboratory of Dependable Intelligent Systems, School of Automation Science and Electrical Engineering, Beihang University, Beijing, China",crossref+ror,medium,accepted,2026-07-21T13:39:19+00:00
10.1109/tetc.2023.3279388,,Zhihao Liu,,https://ror.org/00wk2mp56,"Laboratory of Dependable Intelligent Systems, School of Automation Science and Electrical Engineering, Beihang University, Beijing, China",crossref+ror,medium,accepted,2026-07-21T13:39:19+00:00
10.1109/tetc.2023.3279388,,Zhiping Shi,,https://ror.org/005edt527,"Beijing Key Laboratory of Electronic System Reliability Technology, College of Information Engineering, Capital Normal University, Beijing, China",crossref+ror,medium,accepted,2026-07-21T13:39:19+00:00
10.1109/tetc.2024.3471684,,Ermeson Andrade,,https://ror.org/02ksmb993,"Department of Computing, Federal Rural University of Pernambuco, Recife, Brazil",crossref+ror,medium,accepted,2026-07-21T13:38:26+00:00
10.1109/tetc.2024.3471684,,Fumio Machida,,https://ror.org/02956yf07,"Department of Computer Science, University of Tsukuba, Tsukuba, Japan",crossref+ror,medium,accepted,2026-07-21T13:38:26+00:00
10.1109/tetc.2024.3471684,,Gustavo Callou,,https://ror.org/02ksmb993,"Department of Computing, Federal Rural University of Pernambuco, Recife, Brazil",crossref+ror,medium,accepted,2026-07-21T13:38:26+00:00
10.1109/tetc.2024.3471684,,Herderson Couto,,https://ror.org/02ksmb993,"Department of Computing, Federal Rural University of Pernambuco, Recife, Brazil",crossref+ror,medium,accepted,2026-07-21T13:38:26+00:00
10.1109/tetc.2024.3475214,,Enrico Vicario,,https://ror.org/04jr1s763,"Department of Information Engineering, University of Florence, Firenze, Italy",crossref+ror,medium,accepted,2026-07-21T13:38:24+00:00
10.1109/tetc.2024.3475214,,Laura Carnevali,,https://ror.org/04jr1s763,"Department of Information Engineering, University of Florence, Firenze, Italy",crossref+ror,medium,accepted,2026-07-21T13:38:24+00:00
10.1109/tetc.2024.3475214,,Leonardo Scommegna,,https://ror.org/04jr1s763,"Department of Information Engineering, University of Florence, Firenze, Italy",crossref+ror,medium,accepted,2026-07-21T13:38:24+00:00
10.1109/tetc.2024.3475214,,Marco Paolieri,,https://ror.org/03taz7m60,"Department of Computer Science, University of Southern California, Los Angeles, CA, USA",crossref+ror,medium,accepted,2026-07-21T13:38:24+00:00
10.1109/tetc.2024.3475214,,Riccardo Reali,,https://ror.org/04jr1s763,"Department of Information Engineering, University of Florence, Firenze, Italy",crossref+ror,medium,accepted,2026-07-21T13:38:24+00:00
10.1109/tetc.2024.3496195,,Fabio Postiglione,,https://ror.org/0192m2k53,"Department of Information and Electrical Engineering and Applied Mathematics (DIEM), University of Salerno, Fisciano, Italy",crossref+ror,medium,accepted,2026-07-21T13:38:19+00:00
10.1109/tetc.2024.3496195,,Mario Di Mauro,,https://ror.org/0192m2k53,"Department of Information and Electrical Engineering and Applied Mathematics (DIEM), University of Salerno, Fisciano, Italy",crossref+ror,medium,accepted,2026-07-21T13:38:19+00:00
10.1109/tetc.2025.3531051,,Endong Tong,,https://ror.org/01yj56c84,"Beijing Key Laboratory of Security and Privacy in Intelligent Transportation, Beijing Jiaotong University, Beijing, China",crossref+ror,medium,accepted,2026-07-21T13:38:10+00:00
10.1109/tetc.2025.3531051,,Fangyun Qin,,https://ror.org/005edt527,"College of Information Engineering, Capital Normal University, Beijing, China",crossref+ror,medium,accepted,2026-07-21T13:38:10+00:00
10.1109/tetc.2025.3531051,,Jiqiang Liu,,https://ror.org/01yj56c84,"Beijing Key Laboratory of Security and Privacy in Intelligent Transportation, Beijing Jiaotong University, Beijing, China",crossref+ror,medium,accepted,2026-07-21T13:38:10+00:00
10.1109/tetc.2025.3531051,,Kang Chen,,https://ror.org/01yj56c84,"Beijing Key Laboratory of Security and Privacy in Intelligent Transportation, Beijing Jiaotong University, Beijing, China",crossref+ror,medium,accepted,2026-07-21T13:38:10+00:00
10.1109/tetc.2025.3531051,,Wenjia Niu,,https://ror.org/01yj56c84,"Beijing Key Laboratory of Security and Privacy in Intelligent Transportation, Beijing Jiaotong University, Beijing, China",crossref+ror,medium,accepted,2026-07-21T13:38:10+00:00
10.1109/tetc.2025.3531051,,Yike Li,,https://ror.org/01yj56c84,"Beijing Key Laboratory of Security and Privacy in Intelligent Transportation, Beijing Jiaotong University, Beijing, China",crossref+ror,medium,accepted,2026-07-21T13:38:10+00:00
10.1109/tetc.2025.3531051,,Yunzhe Tian,,https://ror.org/01yj56c84,"Beijing Key Laboratory of Security and Privacy in Intelligent Transportation, Beijing Jiaotong University, Beijing, China",crossref+ror,medium,accepted,2026-07-21T13:38:10+00:00
10.1109/tetc.2025.3531051,,Zheng Zheng,,https://ror.org/00wk2mp56,"Laboratory of Dependable Intelligent Systems, School of Automation Science and Electrical Engineering, Beihang University, Beijing, China",crossref+ror,medium,accepted,2026-07-21T13:38:10+00:00
10.1109/tetc.2025.3546549,,Dongdong Zhao,,https://ror.org/03fe7t173,"School of Computer Science and Artificial Intelligence, Wuhan University of Technology, Wuhan, China",crossref+ror,medium,accepted,2026-07-21T13:38:21+00:00
10.1109/tetc.2025.3546549,,Fengji Zhang,,https://ror.org/03q8dnn23,"Department of Computer Science, City University of Hong Kong, Hong Kong",crossref+ror,medium,accepted,2026-07-21T13:38:21+00:00
10.1109/tetc.2025.3546549,,Jacky Wai Keung,,https://ror.org/03q8dnn23,"Department of Computer Science, City University of Hong Kong, Hong Kong",crossref+ror,medium,accepted,2026-07-21T13:38:21+00:00
10.1109/tetc.2025.3546549,,Zhihui Liu,,https://ror.org/03fe7t173,"School of Computer Science and Artificial Intelligence, Wuhan University of Technology, Wuhan, China",crossref+ror,medium,accepted,2026-07-21T13:38:21+00:00
10.1109/tetc.2025.3547612,,Andrea Janes,,https://ror.org/012ajp527,"Free University of Bozen-Bolzano, Bolzano, Italy",crossref+ror,medium,accepted,2026-07-21T13:38:13+00:00
10.1109/tetc.2025.3547612,,Catia Trubiani,,https://ror.org/043qcb444,"Gran Sasso Science Institute, L&#x2019;Aquila, Italy",crossref+ror,medium,accepted,2026-07-21T13:38:13+00:00
10.1109/tetc.2025.3547612,,Daniel S. Menasché,,https://ror.org/03490as77,"Universidade Federal do Rio de Janeiro, Rio de Janeiro, Brazil",crossref+ror,medium,accepted,2026-07-21T13:38:13+00:00
10.1109/tetc.2025.3547612,,Matteo Camilli,,https://ror.org/01nffqt88,"Politecnico di Milano, Milano, Italy",crossref+ror,medium,accepted,2026-07-21T13:38:13+00:00
10.1109/tla.2023.10244181,,Ermeson Andrade,,https://ror.org/02ksmb993,"Universidade Federal Rural de Pernambuco - Recife-PE, Brasil",crossref+ror,medium,accepted,2026-07-21T13:39:25+00:00
10.1109/tla.2023.10244181,,Francisco Airton Silva,,https://ror.org/00kwnx126,"Universidade Federal do Piaui - Picos-PI, Brasil",crossref+ror,medium,accepted,2026-07-21T13:39:25+00:00
10.1109/tla.2023.10244181,,Gustavo Callou,,https://ror.org/02ksmb993,"Universidade Federal Rural de Pernambuco - Recife-PE, Brasil",crossref+ror,medium,accepted,2026-07-21T13:39:25+00:00
10.1109/tla.2023.10244181,,Herderson Couto,,https://ror.org/02ksmb993,"Universidade Federal Rural de Pernambuco - Recife-PE, Brasil",crossref+ror,medium,accepted,2026-07-21T13:39:25+00:00
10.1109/tr.2021.3110096,,Guanping Xiao,,https://ror.org/01scyh794,"College of Computer Science and Technology, Nanjing University of Aeronautics and Astronautics, Nanjing, China",crossref+ror,medium,accepted,2026-07-21T13:40:02+00:00
10.1109/tr.2021.3110096,,Kishor S. Trivedi,,https://ror.org/00py81415,"Department of Electrical and Computer Engineering, Duke University, Durham, NC, USA",crossref+ror,medium,accepted,2026-07-21T13:40:02+00:00
10.1109/tr.2021.3110096,,Xiaoting Du,,https://ror.org/00wk2mp56,"School of Automation Science and Electrical Engineering, Beihang University, Beijing, China",crossref+ror,medium,accepted,2026-07-21T13:40:02+00:00
10.1109/tr.2021.3110096,,Zenghui Zhou,,https://ror.org/00wk2mp56,"School of Automation Science and Electrical Engineering, Beihang University, Beijing, China",crossref+ror,medium,accepted,2026-07-21T13:40:02+00:00
10.1109/tr.2021.3110096,,Zheng Zheng,,https://ror.org/00wk2mp56,"School of Automation Science and Electrical Engineering, Beihang University, Beijing, China",crossref+ror,medium,accepted,2026-07-21T13:40:02+00:00
10.1109/tr.2025.3612809,,Jean Araujo,,https://ror.org/03s3m1w94,"Universidade Federal do Agreste de Pernambuco, Garanhuns, Brazil",crossref+ror,medium,accepted,2026-07-21T13:38:08+00:00
10.1109/tr.2025.3612809,,João Ferreira,,https://ror.org/04z8k9a98,"Department of Informatics Engineering, University of Coimbra, Coimbra, Portugal",crossref+ror,medium,accepted,2026-07-21T13:38:08+00:00
10.1109/tr.2025.3612809,,Pedro Melo,,https://ror.org/03s3m1w94,"Universidade Federal do Agreste de Pernambuco, Garanhuns, Brazil",crossref+ror,medium,accepted,2026-07-21T13:38:08+00:00
10.1109/tse.2025.3618113,,Chen Zhang,,https://ror.org/03fe7t173,"School of Computer Science and Artificial Intelligence, Ministry of Education Engineering Research Center for Transportation Information and Safety, Hubei Province Key Laboratory of Transportation Internet of Things Technology, Wuhan University of Technology, Wuhan, China",crossref+ror,medium,accepted,2026-07-21T13:37:52+00:00
10.1109/tse.2025.3618113,,Domenico Cotroneo,,https://ror.org/05290cv24,"University of Naples Federico II, Campania, Italy",crossref+ror,medium,accepted,2026-07-21T13:37:52+00:00
10.1109/tse.2025.3618113,,Jianwen Xiang,,https://ror.org/03fe7t173,"School of Computer Science and Artificial Intelligence, Ministry of Education Engineering Research Center for Transportation Information and Safety, Hubei Province Key Laboratory of Transportation Internet of Things Technology, Wuhan University of Technology, Wuhan, China",crossref+ror,medium,accepted,2026-07-21T13:37:52+00:00
10.1109/tse.2025.3618113,,Jing Tian,,https://ror.org/03fe7t173,"School of Computer Science and Artificial Intelligence, Ministry of Education Engineering Research Center for Transportation Information and Safety, Hubei Province Key Laboratory of Transportation Internet of Things Technology, Wuhan University of Technology, Wuhan, China",crossref+ror,medium,accepted,2026-07-21T13:37:52+00:00
10.1109/tse.2025.3618113,,Roberto Natella,,https://ror.org/05290cv24,"University of Naples Federico II, Campania, Italy",crossref+ror,medium,accepted,2026-07-21T13:37:52+00:00
10.1109/tse.2025.3618113,,Roberto Pietrantuono,,https://ror.org/05290cv24,"University of Naples Federico II, Campania, Italy",crossref+ror,medium,accepted,2026-07-21T13:37:52+00:00
10.1109/tse.2025.3618113,,Rui Hao,,https://ror.org/03fe7t173,"School of Computer Science and Artificial Intelligence, Ministry of Education Engineering Research Center for Transportation Information and Safety, Hubei Province Key Laboratory of Transportation Internet of Things Technology, Wuhan University of Technology, Wuhan, China",crossref+ror,medium,accepted,2026-07-21T13:37:52+00:00
10.1109/tsusc.2024.3506213,,Fumio Machida,,https://ror.org/02956yf07,"Department of Computer Science, University of Tsukuba, Tsukuba, Ibaraki, Japan",crossref+ror,medium,accepted,2026-07-21T13:38:04+00:00
10.1109/tsusc.2024.3506213,,Jing Bai,,https://ror.org/01yj56c84,"Beijing Key Laboratory of Security and Privacy in Intelligent Transportation, Beijing Jiaotong University, Beijing, China",crossref+ror,medium,accepted,2026-07-21T13:38:04+00:00
10.1109/tsusc.2024.3506213,,Kishor S. Trivedi,,https://ror.org/00py81415,"Department of Electrical and Computer Engineering, Duke University, Durham, NC, USA",crossref+ror,medium,accepted,2026-07-21T13:38:04+00:00
10.1109/tsusc.2024.3506213,,Xiaolin Chang,,https://ror.org/01yj56c84,"Beijing Key Laboratory of Security and Privacy in Intelligent Transportation, Beijing Jiaotong University, Beijing, China",crossref+ror,medium,accepted,2026-07-21T13:38:04+00:00
10.1109/tvt.2022.3225564,,Jing Bai,,https://ror.org/01yj56c84,"Beijing Key Laboratory of Security and Privacy in Intelligent Transportation, Beijing Jiaotong University, Beijing, China",crossref+ror,medium,accepted,2026-07-21T13:39:14+00:00
10.1109/tvt.2022.3225564,,Kishor S. Trivedi,,https://ror.org/00py81415,"Department of Electrical and Computer Engineering, Duke University, Durham, NC, USA",crossref+ror,medium,accepted,2026-07-21T13:39:14+00:00
10.1109/tvt.2022.3225564,,Ricardo J. Rodríguez,,https://ror.org/012a91z28,"Departamento de Inform&#x00E1;tica e Ingenier&#x00ED;a de sistemas, Universidad de Zaragoza, Zaragoza, Spain",crossref+ror,medium,accepted,2026-07-21T13:39:14+00:00
10.1109/tvt.2022.3225564,,Shupan Li,,https://ror.org/04ypx8c21,"School of Computer and Artificial Intelligence, Zhengzhou University, Zhengzhou, China",crossref+ror,medium,accepted,2026-07-21T13:39:14+00:00
10.1109/tvt.2022.3225564,,Xiaolin Chang,,https://ror.org/01yj56c84,"Beijing Key Laboratory of Security and Privacy in Intelligent Transportation, Beijing Jiaotong University, Beijing, China",crossref+ror,medium,accepted,2026-07-21T13:39:14+00:00
10.1109/wslm54683.2022.00014,,Jun Zhang,,https://ror.org/05qbk4x57,"College of Computer Science and Technology, Chongqing University of Posts and Telecommunications Chongqing Institute of Green and Intelligent Technology, Chinese Academy of Sciences Chongqing College, University of Chinese Academy of Sciences,Chongqing,China",crossref+ror,medium,accepted,2026-07-21T13:40:12+00:00
10.1109/wslm54683.2022.00014,,Pan He,,https://ror.org/05qbk4x57,"College of Computer Science and Technology, Chongqing University of Posts and Telecommunications Chongqing Institute of Green and Intelligent Technology, Chinese Academy of Sciences Chongqing College, University of Chinese Academy of Sciences,Chongqing,China",crossref+ror,medium,accepted,2026-07-21T13:40:12+00:00
10.1109/wslm54683.2022.00014,,Shuo Li,,https://ror.org/05qbk4x57,"College of Computer Science and Technology, Chongqing University of Posts and Telecommunications Chongqing Institute of Green and Intelligent Technology, Chinese Academy of Sciences Chongqing College, University of Chinese Academy of Sciences,Chongqing,China",crossref+ror,medium,accepted,2026-07-21T13:40:12+00:00
10.1142/s021819401540029x,,Haiping Xu,,https://ror.org/00fzmm222,"Computer and Information Science Department, University of Massachusetts Dartmouth, North Dartmouth, MA 02747, USA",crossref+ror,medium,accepted,2026-07-21T13:42:28+00:00
10.1142/s021819401540029x,,Jean Rahme,,https://ror.org/00fzmm222,"Computer and Information Science Department, University of Massachusetts Dartmouth, North Dartmouth, MA 02747, USA",crossref+ror,medium,accepted,2026-07-21T13:42:28+00:00
10.1142/s0218539304001543,,NAOTO KAIO,,https://ror.org/05n757p35,"Department of Economic Informatics, Hiroshima Shudo University 1-1-1 Ozukahigashi, Asaminami-ku, Hiroshima 731-3195, Japan",crossref+ror,medium,accepted,2026-07-21T13:43:57+00:00
10.1142/s0218539304001543,,SHUNJI OSAKI,,https://ror.org/042b6j696,"Department of Information and Telecommunication Engineering, Nanzan University, 27 Seirei-Cho, Seto 489-0863, Japan",crossref+ror,medium,accepted,2026-07-21T13:43:57+00:00
10.1142/s0218539304001543,,TADASHI DOHI,,https://ror.org/03t78wx29,"Department of Information Engineering, Hiroshima University 1-4-1 Kagamiyama, Higashi-Hiroshima 739-8527, Japan",crossref+ror,medium,accepted,2026-07-21T13:43:57+00:00
10.1142/s0218539304001543,,TAKASHI DANJOU,,https://ror.org/03t78wx29,"Department of Information Engineering, Hiroshima University 1-4-1 Kagamiyama, Higashi-Hiroshima 739-8527, Japan",crossref+ror,medium,accepted,2026-07-21T13:43:57+00:00
10.1142/s0218539306002446,,KAZUKI IWAMOTO,,https://ror.org/03t78wx29,"Graduate School of Engineering, Hiroshima University, 1-4-1 Kagamiyama, Higashi-Hiroshima 739-8527, Japan",crossref+ror,medium,accepted,2026-07-21T13:43:51+00:00
10.1142/s0218539306002446,,NAOTO KAIO,,https://ror.org/05n757p35,"Faculty of Economic Sciences, Hiroshima Shudo University, 1-1-1 Ozukahigashi, Asaminami-ku, Hiroshima 731-3195, Japan",crossref+ror,medium,accepted,2026-07-21T13:43:51+00:00
10.1142/s0218539306002446,,TADASHI DOHI,,https://ror.org/03t78wx29,"Graduate School of Engineering, Hiroshima University, 1-4-1 Kagamiyama, Higashi-Hiroshima 739-8527, Japan",crossref+ror,medium,accepted,2026-07-21T13:43:51+00:00
10.1145/1809111.1809124,,Andreas Meier,,https://ror.org/028ew7558,"Computer Engineering and Networks Lab, ETH Zurich",crossref+ror,medium,accepted,2026-07-21T13:43:20+00:00
10.1145/1809111.1809124,,Koen Langendoen,,https://ror.org/02e2c7k09,"Delft University of Technology, The Netherlands",crossref+ror,medium,accepted,2026-07-21T13:43:20+00:00
10.1145/1809111.1809124,,Matthias Woehrle,,https://ror.org/028ew7558,"Computer Engineering and Networks Lab, ETH Zurich",crossref+ror,medium,accepted,2026-07-21T13:43:20+00:00
10.1145/1837915.1837919,,Abhishek Rajimwale,,https://ror.org/01y2jtd41,University of Wisconsin-Madison,crossref+ror,medium,accepted,2026-07-21T13:43:24+00:00
10.1145/1837915.1837919,,Andrea C. Arpaci-Dusseau,,https://ror.org/01y2jtd41,University of Wisconsin-Madison,crossref+ror,medium,accepted,2026-07-21T13:43:24+00:00
10.1145/1837915.1837919,,Michael M. Swift,,https://ror.org/01y2jtd41,University of Wisconsin-Madison,crossref+ror,medium,accepted,2026-07-21T13:43:24+00:00
10.1145/1837915.1837919,,Remzi H. Arpaci-Dusseau,,https://ror.org/01y2jtd41,University of Wisconsin-Madison,crossref+ror,medium,accepted,2026-07-21T13:43:24+00:00
10.1145/1837915.1837919,,Sriram Subramanian,,https://ror.org/01y2jtd41,University of Wisconsin-Madison,crossref+ror,medium,accepted,2026-07-21T13:43:24+00:00
10.1145/1837915.1837919,,Swaminathan Sundararaman,,https://ror.org/01y2jtd41,University of Wisconsin-Madison,crossref+ror,medium,accepted,2026-07-21T13:43:24+00:00
10.1145/2539118,,Jing Zhao,,https://ror.org/03x80pn82,Harbin Engineering University,crossref+ror,medium,accepted,2026-07-21T13:42:38+00:00
10.1145/2539118,,Kishor S. Trivedi,,https://ror.org/00py81415,"Duke University, Durham, NC",crossref+ror,medium,accepted,2026-07-21T13:42:38+00:00
10.1145/2539118,,Rivalino Matias Jr.,,https://ror.org/04x3wvr31,"Federal University of Uberlandia, Uberlandia, Brazil",crossref+ror,medium,accepted,2026-07-21T13:42:38+00:00
10.1145/2539118,,Yanbin Wang,,https://ror.org/01yqg2h08,Harbin Institute of Technology,crossref+ror,medium,accepted,2026-07-21T13:42:38+00:00
10.1145/2539118,,Yuliang Jin,,https://ror.org/03x80pn82,Harbin Engineering University,crossref+ror,medium,accepted,2026-07-21T13:42:38+00:00
10.1145/2539121,,Kishor S. Trivedi,,https://ror.org/00py81415,Duke University,crossref+ror,medium,accepted,2026-07-21T13:42:45+00:00
10.1145/2539121,,Victor F. Nicola,,https://ror.org/006hf6230,University of Twente,crossref+ror,medium,accepted,2026-07-21T13:42:45+00:00
10.1145/2539122,,F. Vieira de Souza,,https://ror.org/00kwnx126,Federal University of Piauí,crossref+ror,medium,accepted,2026-07-21T13:42:42+00:00
10.1145/2539122,,Jean Araujo,,https://ror.org/047908t24,Federal University of Pernambuco,crossref+ror,medium,accepted,2026-07-21T13:42:42+00:00
10.1145/2539122,,Kishor S. Trivedi,,https://ror.org/00py81415,Duke University,crossref+ror,medium,accepted,2026-07-21T13:42:42+00:00
10.1145/2539122,,Paulo Maciel,,https://ror.org/047908t24,Federal University of Pernambuco,crossref+ror,medium,accepted,2026-07-21T13:42:42+00:00
10.1145/2539122,,Rivalino Matias Jr.,,https://ror.org/04x3wvr31,Federal University of Uberlândia,crossref+ror,medium,accepted,2026-07-21T13:42:42+00:00
10.1145/2539122,,Rubens Matos,,https://ror.org/047908t24,Federal University of Pernambuco,crossref+ror,medium,accepted,2026-07-21T13:42:42+00:00
10.1145/2539122,,Vandi Alves,,https://ror.org/047908t24,Federal University of Pernambuco,crossref+ror,medium,accepted,2026-07-21T13:42:42+00:00
10.1145/2797022.2797026,,Hiroki Ooba,,https://ror.org/02278tr80,Kyushu Institute of Technology,crossref+ror,medium,accepted,2026-07-21T13:42:26+00:00
10.1145/2797022.2797026,,Kenichi Kourai,,https://ror.org/02278tr80,Kyushu Institute of Technology,crossref+ror,medium,accepted,2026-07-21T13:42:26+00:00
10.1145/3172871.3172872,,Ashish Sureka,,https://ror.org/02j1xr113,"Ashoka University, Sonepat, Haryana, India",crossref+ror,medium,accepted,2026-07-21T13:41:52+00:00
10.1145/3172871.3172872,,Lov Kumar,,https://ror.org/00wdq3744,"Thapar University, Patiala, Punjab, India",crossref+ror,medium,accepted,2026-07-21T13:41:52+00:00
10.1145/3555776.3577717,,Domenico Cotroneo,,https://ror.org/05290cv24,"University of Naples Federico II, Naples, Italy",crossref+ror,medium,accepted,2026-07-21T13:39:09+00:00
10.1145/3555776.3577717,,Ermeson Andrade,,https://ror.org/02ksmb993,"Federal Rural University of Pernambuco, Recife, Brazil",crossref+ror,medium,accepted,2026-07-21T13:39:09+00:00
10.1145/3555776.3577717,,Fumio Machida,,https://ror.org/02956yf07,"University of Tsukuba, Tsukuba, Japan",crossref+ror,medium,accepted,2026-07-21T13:39:09+00:00
10.1145/3555776.3577717,,Kengo Watanabe,,https://ror.org/02956yf07,"University of Tsukuba, Tsukuba, Japan",crossref+ror,medium,accepted,2026-07-21T13:39:09+00:00
10.1145/3555776.3577717,,Roberto Pietrantuono,,https://ror.org/05290cv24,"University of Naples Federico II, Naples, Italy",crossref+ror,medium,accepted,2026-07-21T13:39:09+00:00
10.1145/3697090.3699798,,Ermeson Andrade,,https://ror.org/02ksmb993,"Federal Rural University of Pernambuco, Recife, Brazil",crossref+ror,medium,accepted,2026-07-21T13:38:48+00:00
10.1145/3697090.3699798,,Fumio Machida,,https://ror.org/02956yf07,"University of Tsukuba, Tsukuba, Japan",crossref+ror,medium,accepted,2026-07-21T13:38:48+00:00
10.1145/3697090.3699798,,Maria Gizele Nascimento,,https://ror.org/02ksmb993,"Federal Rural University of Pernambuco, Recife, Pernambuco, Brazil",crossref+ror,medium,accepted,2026-07-21T13:38:48+00:00
10.1145/3697090.3699798,,Rafael José Moura,,https://ror.org/02ksmb993,"Federal Rural University of Pernambuco, Serra Talhada, Brazil",crossref+ror,medium,accepted,2026-07-21T13:38:48+00:00
10.1145/378420.378434,,Kalyanaraman Vaidyanathan,,https://ror.org/00py81415,"Dept. of ECE, Duke University, Durham, NC",crossref+ror,medium,accepted,2026-07-21T13:44:06+00:00
10.1145/378420.378434,,Kishor S. Trivedi,,https://ror.org/00py81415,"Dept. of ECE, Duke University, Durham, NC",crossref+ror,medium,accepted,2026-07-21T13:44:06+00:00
10.1147/rd.452.0311,,K. S. Trivedi,,https://ror.org/00py81415,"Center for Advanced Computing and Communication, Department of Electrical and Computer Engineering, Duke University, Durham, North Carolina 27708, USA",crossref+ror,medium,accepted,2026-07-21T13:44:12+00:00
10.1147/rd.452.0311,,K. Vaidyanathan,,https://ror.org/00py81415,"Center for Advanced Computing and Communication, Department of Electrical and Computer Engineering, Duke University, Durham, North Carolina 27708, USA",crossref+ror,medium,accepted,2026-07-21T13:44:12+00:00
10.1147/rd.452.0311,,P. Heidelberger,,https://ror.org/0265w5591,"IBM Research Division, Thomas J. Watson Research Center, P.O. Box 218, Yorktown Heights, New York 10598, USA",crossref+ror,medium,accepted,2026-07-21T13:44:12+00:00
10.1147/rd.452.0311,,R. E. Harper,,https://ror.org/0265w5591,"IBM Research Division, Thomas J. Watson Research Center, P.O. Box 218, Yorktown Heights, New York 10598, USA",crossref+ror,medium,accepted,2026-07-21T13:44:12+00:00
10.1147/rd.452.0311,,V. Castelli,,https://ror.org/0265w5591,"IBM Research Division, Thomas J. Watson Research Center, P.O. Box 218, Yorktown Heights, New York 10598, USA",crossref+ror,medium,accepted,2026-07-21T13:44:12+00:00
10.15807/jorsj.59.270,,Hiroyuki Okamura,,https://ror.org/03t78wx29,Hiroshima University,crossref+ror,medium,accepted,2026-07-21T13:42:12+00:00
10.15807/jorsj.59.270,,Tadashi Dohi,,https://ror.org/03t78wx29,Hiroshima University,crossref+ror,medium,accepted,2026-07-21T13:42:12+00:00
10.15807/jorsj.60.461,,Koichiro Rinsaka,,https://ror.org/018v0zv10,Kobe Gakuin University,crossref+ror,medium,accepted,2026-07-21T13:41:58+00:00
10.15807/jorsj.60.461,,Tadashi Dohi,,https://ror.org/03t78wx29,Hiroshima University,crossref+ror,medium,accepted,2026-07-21T13:41:58+00:00
10.1587/transinf.e96.d.1933,,Hiroyuki OKAMURA,,https://ror.org/03t78wx29,Hiroshima University,crossref+ror,medium,accepted,2026-07-21T13:42:55+00:00
10.1587/transinf.e96.d.1933,,Tadashi DOHI,,https://ror.org/03t78wx29,Hiroshima University,crossref+ror,medium,accepted,2026-07-21T13:42:55+00:00
10.2478/cait-2019-0038,,Gireesh Kumar,,https://ror.org/0456b2t50,"Department of Computer Science and Engineering , JK Lakshmipat University , Jaipur 302026 , India",crossref+ror,medium,accepted,2026-07-21T13:41:32+00:00
10.2478/cait-2019-0038,,Richa Sharma,,https://ror.org/0456b2t50,"Department of Mathematics , JK Lakshmipat University , Jaipur 302026 , India",crossref+ror,medium,accepted,2026-07-21T13:41:32+00:00
10.3390/app12136412,,Arnaldo Silva,,https://ror.org/03s3m1w94,"Departamento de Informática, Universidade Federal do Agreste de Pernambuco, Garanhuns 55292-270, Brazil",crossref+ror,medium,accepted,2026-07-21T13:40:08+00:00
10.3390/app12136412,,Dugki Min,,https://ror.org/025h1m602,"Department of Computer Science and Engineering, College of Engineering, Konkuk University, Seoul 05029, Korea",crossref+ror,medium,accepted,2026-07-21T13:40:08+00:00
10.3390/app12136412,,Eunmi Choi,,https://ror.org/0049erg63,"School of Software, College of Computer Science, Kookmin University, Seoul 02707, Korea",crossref+ror,medium,accepted,2026-07-21T13:40:08+00:00
10.3390/app12136412,,Felipe Battisti,,https://ror.org/03s3m1w94,"Departamento de Informática, Universidade Federal do Agreste de Pernambuco, Garanhuns 55292-270, Brazil",crossref+ror,medium,accepted,2026-07-21T13:40:08+00:00
10.3390/app12136412,,Jean Araujo,,https://ror.org/03s3m1w94,"Departamento de Informática, Universidade Federal do Agreste de Pernambuco, Garanhuns 55292-270, Brazil",crossref+ror,medium,accepted,2026-07-21T13:40:08+00:00
10.3390/app12136412,,Luis Pereira,,https://ror.org/03s3m1w94,"Departamento de Informática, Universidade Federal do Agreste de Pernambuco, Garanhuns 55292-270, Brazil",crossref+ror,medium,accepted,2026-07-21T13:40:08+00:00
10.3390/app12136412,,Tiago Carvalho,,https://ror.org/03s3m1w94,"Departamento de Informática, Universidade Federal do Agreste de Pernambuco, Garanhuns 55292-270, Brazil",crossref+ror,medium,accepted,2026-07-21T13:40:08+00:00
10.3390/app12136412,,Tuan Anh Nguyen,,https://ror.org/025h1m602,"Department of Computer Science and Engineering, College of Engineering, Konkuk University, Seoul 05029, Korea",crossref+ror,medium,accepted,2026-07-21T13:40:08+00:00
10.3390/app12136412,,Tuan Anh Nguyen,,https://ror.org/025h1m602,"Konkuk Aerospace Design-Airworthiness Research Institute (KADA), Konkuk University, Seoul 05029, Korea",crossref+ror,medium,accepted,2026-07-21T13:40:08+00:00
10.3390/drones7010035,,Dugki Min,,https://ror.org/025h1m602,"Department of Computer Science and Engineering, College of Engineering, Konkuk University, Seoul 05029, Republic of Korea",crossref+ror,medium,accepted,2026-07-21T13:39:33+00:00
10.3390/drones7010035,,Eunmi Choi,,https://ror.org/0049erg63,"School of Software, College of Computer Science, Kookmin University, Seoul 02707, Republic of Korea",crossref+ror,medium,accepted,2026-07-21T13:39:33+00:00
10.3390/drones7010035,,Jackson Costa,,https://ror.org/028ka0n85,"Departamento de Computação, Universidade Federal de Sergipe, São Cristóvão 49100-000, Brazil",crossref+ror,medium,accepted,2026-07-21T13:39:33+00:00
10.3390/drones7010035,,Jae-Woo Lee,,https://ror.org/025h1m602,"Konkuk Aerospace Design-Airworthiness Institute (KADA), Konkuk University, Seoul 05029, Republic of Korea",crossref+ror,medium,accepted,2026-07-21T13:39:33+00:00
10.3390/drones7010035,,Jean Araujo,,https://ror.org/028ka0n85,"Departamento de Computação, Universidade Federal de Sergipe, São Cristóvão 49100-000, Brazil",crossref+ror,medium,accepted,2026-07-21T13:39:33+00:00
10.3390/drones7010035,,Jean Araujo,,https://ror.org/03s3m1w94,"UNAME Group, Universidade Federal do Agreste de Pernambuco, Garanhuns 55292-270, Brazil",crossref+ror,medium,accepted,2026-07-21T13:39:33+00:00
10.3390/drones7010035,,Jueying Li,,https://ror.org/025h1m602,"Department of Computer Science and Engineering, College of Engineering, Konkuk University, Seoul 05029, Republic of Korea",crossref+ror,medium,accepted,2026-07-21T13:39:33+00:00
10.3390/drones7010035,,Rubens Matos,,https://ror.org/028ka0n85,"Departamento de Computação, Universidade Federal de Sergipe, São Cristóvão 49100-000, Brazil",crossref+ror,medium,accepted,2026-07-21T13:39:33+00:00
10.3390/drones7010035,,Rubens Matos,,https://ror.org/029ez4v67,"Coordenação de Redes de Computadores, Instituto Federal de Sergipe, Lagarto 49400-000, Brazil",crossref+ror,medium,accepted,2026-07-21T13:39:33+00:00
10.3390/drones7010035,,Tuan Anh Nguyen,,https://ror.org/025h1m602,"Department of Computer Science and Engineering, College of Engineering, Konkuk University, Seoul 05029, Republic of Korea",crossref+ror,medium,accepted,2026-07-21T13:39:33+00:00
10.3390/drones7010035,,Tuan Anh Nguyen,,https://ror.org/025h1m602,"Konkuk Aerospace Design-Airworthiness Institute (KADA), Konkuk University, Seoul 05029, Republic of Korea",crossref+ror,medium,accepted,2026-07-21T13:39:33+00:00
10.3390/e22111225,,Jun Ai,,https://ror.org/00wk2mp56,"School of Reliability and Systems Engineering, Beihang University, Beijing 100089, China",crossref+ror,medium,accepted,2026-07-21T13:41:08+00:00
10.3390/e22111225,,Minyan Lu,,https://ror.org/00wk2mp56,"School of Reliability and Systems Engineering, Beihang University, Beijing 100089, China",crossref+ror,medium,accepted,2026-07-21T13:41:08+00:00
10.3390/e22111225,,Shiyi Kong,,https://ror.org/00wk2mp56,"School of Reliability and Systems Engineering, Beihang University, Beijing 100089, China",crossref+ror,medium,accepted,2026-07-21T13:41:08+00:00
10.3390/e22111225,,Shuguang Wang,,https://ror.org/00wk2mp56,"School of Reliability and Systems Engineering, Beihang University, Beijing 100089, China",crossref+ror,medium,accepted,2026-07-21T13:41:08+00:00
10.3390/math12050694,,Huixia Huo,,https://ror.org/02b6amy98,"School of Science, Tianjin University of Commerce, Tianjin 300134, China",crossref+ror,medium,accepted,2026-07-21T13:38:53+00:00
10.3390/math9080846,,Hiroyuki Okamura,,https://ror.org/03t78wx29,"Graduate School of Advanced Science and Engineering, Hiroshima University, 1-4-1 Kagamiyama, Higashihiroshima 7398527, Japan",crossref+ror,medium,accepted,2026-07-21T13:40:31+00:00
10.3390/math9080846,,Junjun Zheng,,https://ror.org/0197nmd03,"Department of Information Science and Engineering, Ritsumeikan University, 1-1-1 Nojihigashi, Kusatsu 5258577, Japan",crossref+ror,medium,accepted,2026-07-21T13:40:31+00:00
10.3390/math9080846,,Tadashi Dohi,,https://ror.org/03t78wx29,"Graduate School of Advanced Science and Engineering, Hiroshima University, 1-4-1 Kagamiyama, Higashihiroshima 7398527, Japan",crossref+ror,medium,accepted,2026-07-21T13:40:31+00:00
10.4018/jitr.2020010103,,Yongquan Yan,,https://ror.org/04nte7y58,"School of Statistics, Shanxi University of Finance and Economics,, Taiyuan, China",crossref+ror,medium,accepted,2026-07-21T13:41:01+00:00
10.5220/0006847702900297,,Sandeep Kumar,,https://ror.org/00582g326,"Computer Science and Engineering Department, Indian Institute of Technology Roorkee, Uttarakhand, 247667 and India, --- Select a Country ---",crossref+ror,medium,accepted,2026-07-21T13:41:50+00:00
10.5220/0006847702900297,,Shubham Sharma,,https://ror.org/00582g326,"Computer Science and Engineering Department, Indian Institute of Technology Roorkee, Uttarakhand, 247667 and India, --- Select a Country ---",crossref+ror,medium,accepted,2026-07-21T13:41:50+00:00
10.5220/0012633900003690,,Edward Ordonez,,https://ror.org/028ka0n85,"Departamento de Computação, Universidade Federal de Sergipe, São Cristovão, Brazil, --- Select a Country ---",crossref+ror,medium,accepted,2026-07-21T13:38:46+00:00
10.5220/0012633900003690,,Jean Teixeira de Araujo,,https://ror.org/03s3m1w94,"Departamento de Informática, Universidade Federal do Agreste de Pernambuco, Garanhuns, Brazil, --- Select a Country ---",crossref+ror,medium,accepted,2026-07-21T13:38:46+00:00
10.5220/0012633900003690,,Paulo Costa,,https://ror.org/029ez4v67,"Coordenadoria de Análise e Desenvolvimento de Sistemas (CADS), Instituto Federal de Sergipe, Aracaju, Brazil, --- Select a Country ---",crossref+ror,medium,accepted,2026-07-21T13:38:46+00:00
